product_id,vendor_id,is_default
010313c3-2b30-4e02-b984-71fa4602a5d0,62894ceb-1958-4f50-aed7-d824d2a19b08,true
01421d96-811a-4364-ad10-346f6dbaf3d3,d5b38434-75c1-46b6-bcfc-c934597f29ec,true
02c88c53-2f8f-4552-8a45-f63d709fbd00,d5b38434-75c1-46b6-bcfc-c934597f29ec,true
0497fe1e-3fad-4488-a963-b3f3aaaee742,d5b38434-75c1-46b6-bcfc-c934597f29ec,true
05e025c4-0619-4ce2-819d-eaeffce5d4e5,d5b38434-75c1-46b6-bcfc-c934597f29ec,true
06e18cf8-d566-4554-9e21-5333a14f5f8e,d5b38434-75c1-46b6-bcfc-c934597f29ec,true
084d06c5-b33b-4f12-b67b-3e96e3962a5a,d5b38434-75c1-46b6-bcfc-c934597f29ec,true
09ba0c4c-f332-4b21-b8ed-93367beb992d,d5b38434-75c1-46b6-bcfc-c934597f29ec,true
0aa0adeb-c091-43e4-a970-6de364a9dfd5,d5b38434-75c1-46b6-bcfc-c934597f29ec,true
0b061e29-2480-400c-961c-72c7f1b6205c,d5b38434-75c1-46b6-bcfc-c934597f29ec,true
0b22c84c-9ef6-4526-91e1-2bb2e11241d8,d5b38434-75c1-46b6-bcfc-c934597f29ec,true
0d60b3cc-e89a-4e9b-8b58-bea4f5d546ac,d5b38434-75c1-46b6-bcfc-c934597f29ec,true
0ebdc424-223b-4950-af87-c24930be48ed,d5b38434-75c1-46b6-bcfc-c934597f29ec,true
0f8d45ce-3436-4bfc-a601-8e96bfabe1b4,d5b38434-75c1-46b6-bcfc-c934597f29ec,true
115e547d-30f8-4377-b649-c3e503470f85,d5b38434-75c1-46b6-bcfc-c934597f29ec,true
11f28c6f-f838-4930-9507-faebeeb4d70f,d5b38434-75c1-46b6-bcfc-c934597f29ec,true
1247a689-ea2a-481f-b9f1-fd543463e0c6,d64946b5-b838-491b-998d-6256313861d6,true
12f51472-0d3c-4ba3-aff0-1f09f3bfd6e8,d5b38434-75c1-46b6-bcfc-c934597f29ec,true
13b9dd30-71c3-481b-8669-229a26627691,62894ceb-1958-4f50-aed7-d824d2a19b08,true
149f3f9d-fb7e-47c2-a774-606871b1b1b1,7f954bf9-4d27-40a3-9f83-a4abeaa1edba,true
1533a1df-8d88-4698-bce6-971fe034a553,d5b38434-75c1-46b6-bcfc-c934597f29ec,true
17a3cd59-f867-4a9a-abad-3f54b26ac29f,a0a55973-9f1c-41e7-9801-63264b9e2828,true
18407ffd-2e5e-4bb6-a8cc-6602d1ab3976,d5b38434-75c1-46b6-bcfc-c934597f29ec,true
186d03c4-4db0-4d28-9b44-ed8bfdf4dc65,d5b38434-75c1-46b6-bcfc-c934597f29ec,true
18ddceb2-7df2-459a-84ec-453e10a887c8,d5b38434-75c1-46b6-bcfc-c934597f29ec,true
1a9de057-0eb7-4ad7-90d6-7ed407d5539e,62894ceb-1958-4f50-aed7-d824d2a19b08,true
1b2baeff-13d9-4401-bfc6-9380f6837e49,d5b38434-75c1-46b6-bcfc-c934597f29ec,true
1c05a070-036a-47cd-9450-8aae16c6ba27,d64946b5-b838-491b-998d-6256313861d6,true
1ccf915a-d050-4339-945c-d603f4d9a032,62894ceb-1958-4f50-aed7-d824d2a19b08,true
1e680a39-6f80-4124-8c00-8913ed0322f3,d5b38434-75c1-46b6-bcfc-c934597f29ec,true
1ebaf34b-2c22-4f85-9776-fd054b6b2786,d5b38434-75c1-46b6-bcfc-c934597f29ec,true
1f930dd9-4012-4eee-a931-82b09b86de14,d5b38434-75c1-46b6-bcfc-c934597f29ec,true
20ea6a24-03cc-4850-b250-fccdb95ad979,d5b38434-75c1-46b6-bcfc-c934597f29ec,true
22694675-f5a7-4ec0-a02a-2a20bc958d05,a0a55973-9f1c-41e7-9801-63264b9e2828,true
22e2df47-2964-4600-b62b-04287f34ede0,d5b38434-75c1-46b6-bcfc-c934597f29ec,true
23f94e87-7cd3-4b6c-bcef-1a3e35693f0e,d5b38434-75c1-46b6-bcfc-c934597f29ec,true
260d185f-3c75-4002-871e-2a8aa5e892e8,7204e754-cfcd-4902-996d-064881800543,true
283a604b-acd4-4b23-ab83-3a8ebe6b5ea2,d64946b5-b838-491b-998d-6256313861d6,true
2b3359aa-2825-4a1b-b2a7-b9031271e162,a0a55973-9f1c-41e7-9801-63264b9e2828,true
2c89b30e-3069-444e-9bb0-a8b083e73696,d5b38434-75c1-46b6-bcfc-c934597f29ec,true
2c8dc047-a5fa-4a86-b683-5904b24173b0,d5b38434-75c1-46b6-bcfc-c934597f29ec,true
2fb2c154-48a9-422c-9c76-192cab182536,d5b38434-75c1-46b6-bcfc-c934597f29ec,true
310b1275-eaac-4ad1-8b1e-0e3f77ec1a7e,d5b38434-75c1-46b6-bcfc-c934597f29ec,true
327987c9-781b-4ab8-a933-f3c30e49b8a5,d64946b5-b838-491b-998d-6256313861d6,true
366b82a2-45b4-4177-a96a-a33b447efd29,d64946b5-b838-491b-998d-6256313861d6,true
36ee16a5-edaf-4e77-877f-907b5ecd7cfc,d64946b5-b838-491b-998d-6256313861d6,true
3b70b43e-de19-4dd8-ba54-e65af76aadc1,7f954bf9-4d27-40a3-9f83-a4abeaa1edba,true
3bccb6ca-1df2-4d35-9814-5f1f54cebfba,62894ceb-1958-4f50-aed7-d824d2a19b08,true
3cd9f302-70b0-448b-ab59-15e525a37028,d5b38434-75c1-46b6-bcfc-c934597f29ec,true
3d0297c8-8f92-41ae-855e-0009563f5be3,75e2ae60-280c-4145-8766-6f32bc4b7d8d,true
3f5b1347-d82a-4fc6-9326-d09f1f281e8b,d64946b5-b838-491b-998d-6256313861d6,true
3fc24c52-c519-4dea-b238-ee2e9c4d376c,d5b38434-75c1-46b6-bcfc-c934597f29ec,true
433f3830-98fe-48b6-93ac-68477778602e,d5b38434-75c1-46b6-bcfc-c934597f29ec,true
436eade2-a528-4557-9d8f-d278467457ce,75e2ae60-280c-4145-8766-6f32bc4b7d8d,true
44295a81-beff-43a2-88d4-1e405431e392,d5b38434-75c1-46b6-bcfc-c934597f29ec,true
44de0858-e0d1-4334-acb3-e494a04b0702,d64946b5-b838-491b-998d-6256313861d6,true
453fce75-1a43-4af0-b546-886317281f5f,d64946b5-b838-491b-998d-6256313861d6,true
45f4b1ea-3c3e-46b9-9aab-33c9a8f317e1,d64946b5-b838-491b-998d-6256313861d6,true
460dc4d6-77e7-4b93-ad61-6f731f1981e1,d5b38434-75c1-46b6-bcfc-c934597f29ec,true
465e6284-3a07-48db-99f6-9535e97ad8b8,d5b38434-75c1-46b6-bcfc-c934597f29ec,true
47384dc9-fc02-4ef1-8269-c53e0bf8a571,a0a55973-9f1c-41e7-9801-63264b9e2828,true
496b3ae1-f3b1-4564-8c29-37a1661613d6,75e2ae60-280c-4145-8766-6f32bc4b7d8d,true
49789341-cc12-42b4-922d-7f5561ec08df,62894ceb-1958-4f50-aed7-d824d2a19b08,true
4bce631c-8b94-4f87-b40d-06c115f8a330,d5b38434-75c1-46b6-bcfc-c934597f29ec,true
4c65c730-b7da-4073-8736-a58397c221dc,62894ceb-1958-4f50-aed7-d824d2a19b08,true
4e32e768-091b-4182-986d-0ec00dfab243,d64946b5-b838-491b-998d-6256313861d6,true
4fdb22a6-856d-4879-b12f-263b8550b577,d5b38434-75c1-46b6-bcfc-c934597f29ec,true
50ceb2d3-bc16-4425-844a-5ac1b6a23f7e,d5b38434-75c1-46b6-bcfc-c934597f29ec,true
51f1f14e-7f37-43e8-8338-fb53cd77f7d6,62894ceb-1958-4f50-aed7-d824d2a19b08,true
54e0afef-4040-4658-9629-9271a1ce522a,7204e754-cfcd-4902-996d-064881800543,true
55770734-0caa-47d1-81e1-90c6d098ae46,d5b38434-75c1-46b6-bcfc-c934597f29ec,true
5862b835-296e-431f-9fa7-eb08becbd574,d5b38434-75c1-46b6-bcfc-c934597f29ec,true
58fd13f4-1ee3-41e8-b6ab-07c379897341,d5b38434-75c1-46b6-bcfc-c934597f29ec,true
5b5a8205-a746-4363-a9d5-185bed3f7c15,7f954bf9-4d27-40a3-9f83-a4abeaa1edba,true
5e47e79b-8ae4-4833-b1f8-29fc04801519,d5b38434-75c1-46b6-bcfc-c934597f29ec,true
5e4b3830-1f2b-44b1-b213-3d4c27d0b8b4,d64946b5-b838-491b-998d-6256313861d6,true
5ff1e0a9-6ce2-4ea5-9289-222f44d6b466,d5b38434-75c1-46b6-bcfc-c934597f29ec,true
5ff675e8-e6e9-4569-bec5-02fd1ed3a355,d5b38434-75c1-46b6-bcfc-c934597f29ec,true
61c1615c-4e67-4c17-b373-51e90a911a03,d5b38434-75c1-46b6-bcfc-c934597f29ec,true
6260e22f-3053-4e00-878d-b403236ce855,62894ceb-1958-4f50-aed7-d824d2a19b08,true
63e814de-28cb-4c32-a8e5-bef287e907c6,d5b38434-75c1-46b6-bcfc-c934597f29ec,true
6574f0c7-8838-4911-9843-42991aa9e62a,62894ceb-1958-4f50-aed7-d824d2a19b08,true
658989a0-f7fa-4c79-891a-e2605b0e436b,d5b38434-75c1-46b6-bcfc-c934597f29ec,true
660a4b63-b317-4c55-8578-f313d2c64abc,d5b38434-75c1-46b6-bcfc-c934597f29ec,true
675738e2-57b9-429e-99d1-ecc3699dabc0,d5b38434-75c1-46b6-bcfc-c934597f29ec,true
67b3529c-8179-4b63-9556-cf64139d0ff8,d64946b5-b838-491b-998d-6256313861d6,true
682895ff-a19e-4183-a01d-d113a9b54ada,d64946b5-b838-491b-998d-6256313861d6,true
68403275-8553-44c4-ad86-61f0105a544a,d5b38434-75c1-46b6-bcfc-c934597f29ec,true
687b5161-098f-49b0-a630-8be1ae5db458,a0a55973-9f1c-41e7-9801-63264b9e2828,true
6c5464a3-1dd2-4cf4-af9d-1fba6a13e037,d5b38434-75c1-46b6-bcfc-c934597f29ec,true
6d39caf1-7bdb-4fa1-9413-d05f7e6e26d5,75e2ae60-280c-4145-8766-6f32bc4b7d8d,true
6d7519d8-79ab-4f52-b3ea-e09e5193da91,62894ceb-1958-4f50-aed7-d824d2a19b08,true
6d9a1c57-e0f2-4b61-8ec4-314415f2e45c,d5b38434-75c1-46b6-bcfc-c934597f29ec,true
6da5cab8-b8ad-4ebc-9460-9d61d1f622c2,d64946b5-b838-491b-998d-6256313861d6,true
6ea55085-8541-45b4-92b8-56f0559d13a1,62894ceb-1958-4f50-aed7-d824d2a19b08,true
6f20583c-dbb3-4c00-87e3-c198c3c37f7f,d5b38434-75c1-46b6-bcfc-c934597f29ec,true
703250d2-67d6-468a-be9a-d0b38aa0a1aa,d5b38434-75c1-46b6-bcfc-c934597f29ec,true
705a8329-26a5-4aa9-aa73-814edcfd5323,d5b38434-75c1-46b6-bcfc-c934597f29ec,true
7221cf29-aa48-434b-bd6c-522a404d6402,d64946b5-b838-491b-998d-6256313861d6,true
72888a49-e18a-44ee-b1b0-36bc265e2b0b,7204e754-cfcd-4902-996d-064881800543,true
72f36290-09fb-4ba0-9aee-474770a8c642,d5b38434-75c1-46b6-bcfc-c934597f29ec,true
74e0930a-d055-4b95-b091-44f82db6d3bf,d5b38434-75c1-46b6-bcfc-c934597f29ec,true
791433c2-859e-4d73-bf84-984a2ad079b2,d5b38434-75c1-46b6-bcfc-c934597f29ec,true
79ff1a68-0475-4ae8-ae9a-75f206b72fe5,d5b38434-75c1-46b6-bcfc-c934597f29ec,true
7bae7ffb-0f97-48f0-934c-82f6a4e234df,d64946b5-b838-491b-998d-6256313861d6,true
7c9228b8-dad5-4b8f-b647-fe7dbe715c30,d5b38434-75c1-46b6-bcfc-c934597f29ec,true
7cfd696f-9b08-4c3c-8c2b-5028dc220cd8,d5b38434-75c1-46b6-bcfc-c934597f29ec,true
7d1516c9-2d54-4bc6-ae29-c2cd1970103a,a0a55973-9f1c-41e7-9801-63264b9e2828,true
7d2ee5b4-d1b8-4857-b96b-bfb8a480d3db,d5b38434-75c1-46b6-bcfc-c934597f29ec,true
7dcd2351-eef9-48bf-9113-3c512e556435,d5b38434-75c1-46b6-bcfc-c934597f29ec,true
7dd1cad1-c4d6-4b57-9688-d510534250d7,d5b38434-75c1-46b6-bcfc-c934597f29ec,true
7eb720b3-8f3f-42c1-8f20-3bb0799b5897,d5b38434-75c1-46b6-bcfc-c934597f29ec,true
826692c6-7281-409f-9bbe-338d9bdca58b,d5b38434-75c1-46b6-bcfc-c934597f29ec,true
84788295-5bf4-4133-be2f-ba8714fcedf5,d64946b5-b838-491b-998d-6256313861d6,true
84baeee0-5fd3-4da1-a735-c27ea2dc918c,75e2ae60-280c-4145-8766-6f32bc4b7d8d,true
8680da30-73c0-4d92-9b1e-51ee9bbfae33,a0a55973-9f1c-41e7-9801-63264b9e2828,true
87335c5b-59b7-4bcb-ae33-eec1f5d0739a,d5b38434-75c1-46b6-bcfc-c934597f29ec,true
8778ca3c-89bd-4205-adf9-a552c6a65e67,d5b38434-75c1-46b6-bcfc-c934597f29ec,true
87a6655e-24a2-4fcc-b6c3-17256ecfbf4b,d5b38434-75c1-46b6-bcfc-c934597f29ec,true
87b72c0c-ffeb-4f02-b43b-a1f4240e2fbc,75e2ae60-280c-4145-8766-6f32bc4b7d8d,true
88fa76a6-99f2-4e5f-a57e-ed10ec58c356,d5b38434-75c1-46b6-bcfc-c934597f29ec,true
8fe039e8-86a6-41fb-bfc5-6d979c8697ae,d5b38434-75c1-46b6-bcfc-c934597f29ec,true
90825fe1-c936-4c51-a0bc-f8ae62bf888b,7204e754-cfcd-4902-996d-064881800543,true
90c144bd-e57e-4bbd-b9d1-fa9d6918920e,d64946b5-b838-491b-998d-6256313861d6,true
91c1a8b0-7343-4c74-a154-b30d5a6246a8,d64946b5-b838-491b-998d-6256313861d6,true
929a0194-bcd5-497c-894e-cecd2706a424,d5b38434-75c1-46b6-bcfc-c934597f29ec,true
93f51004-4b71-43c3-8dcd-ed5e66af9239,d64946b5-b838-491b-998d-6256313861d6,true
95fd3d52-a9d3-44ce-9aa3-d8b93044256f,d5b38434-75c1-46b6-bcfc-c934597f29ec,true
973c3259-7ba3-42da-97af-79f3d7404c58,d5b38434-75c1-46b6-bcfc-c934597f29ec,true
9784858f-76d0-4c20-a267-2b9920fbc102,d64946b5-b838-491b-998d-6256313861d6,true
9b61e0aa-fdbc-4599-821c-2898f8de772c,d5b38434-75c1-46b6-bcfc-c934597f29ec,true
9f799039-973d-4545-bb24-bbc30d860f5e,d64946b5-b838-491b-998d-6256313861d6,true
a0b87cfb-8e7c-4575-93ff-7a46757084ba,d5b38434-75c1-46b6-bcfc-c934597f29ec,true
a0c20750-6a6f-4ac5-b85e-83c6dd16bc0e,d5b38434-75c1-46b6-bcfc-c934597f29ec,true
a0c31620-c594-4840-b1a6-b95baa270fe7,d5b38434-75c1-46b6-bcfc-c934597f29ec,true
a30be93e-090c-4429-a565-7ba20e92fe14,d5b38434-75c1-46b6-bcfc-c934597f29ec,true
a591f72f-13d4-46f5-ad4b-94a04283411f,d5b38434-75c1-46b6-bcfc-c934597f29ec,true
a5e88e79-4e6d-4a8e-84a6-d08bcdb4a6cc,a0a55973-9f1c-41e7-9801-63264b9e2828,true
a61c1511-caeb-4fdc-b053-b46ce9c952d6,d5b38434-75c1-46b6-bcfc-c934597f29ec,true
a82f90aa-f912-404b-afba-dcb1276e1a98,d5b38434-75c1-46b6-bcfc-c934597f29ec,true
a880673c-7c98-4105-bed0-b1b0e6eba86d,d5b38434-75c1-46b6-bcfc-c934597f29ec,true
a9230787-5a4b-4445-a2b9-d6af6bae5b77,62894ceb-1958-4f50-aed7-d824d2a19b08,true
a9edf206-5850-4360-bf34-66556610ad0f,d5b38434-75c1-46b6-bcfc-c934597f29ec,true
ab22297d-ea7f-4d36-afd7-c77970f3484a,62894ceb-1958-4f50-aed7-d824d2a19b08,true
addc6b3c-ddd5-430d-9395-a2097d96c1fc,d5b38434-75c1-46b6-bcfc-c934597f29ec,true
af9ee796-a242-489d-b69d-1e7b9e5ac2a4,d5b38434-75c1-46b6-bcfc-c934597f29ec,true
b077c55c-4520-495e-b1fa-c24c5e162ddc,62894ceb-1958-4f50-aed7-d824d2a19b08,true
b2528a1b-c9ee-4d29-8ff0-bba064e85c24,d5b38434-75c1-46b6-bcfc-c934597f29ec,true
b293e5a7-0455-478c-8a04-cfae7d17d5fd,d5b38434-75c1-46b6-bcfc-c934597f29ec,true
b3dd09e4-700e-43db-9605-084177d2a1b8,d5b38434-75c1-46b6-bcfc-c934597f29ec,true
b3e55cec-793b-46a3-af32-7ff5dbb0341e,d5b38434-75c1-46b6-bcfc-c934597f29ec,true
b44e6935-e5b1-48d4-aff3-cf6d079bb468,d64946b5-b838-491b-998d-6256313861d6,true
b4af205a-66d8-47b0-a8a5-ec0d7d7c214f,d5b38434-75c1-46b6-bcfc-c934597f29ec,true
b4cd7846-2210-4c01-8f8a-2f0d699b45ff,62894ceb-1958-4f50-aed7-d824d2a19b08,true
b52c0b1a-4151-48ef-89d9-5d1a4c4cce78,d5b38434-75c1-46b6-bcfc-c934597f29ec,true
b6db5b7a-1342-4ccc-89fb-749b507588c2,d5b38434-75c1-46b6-bcfc-c934597f29ec,true
b889a238-e13d-4b80-84ca-718a55b2c4ff,d5b38434-75c1-46b6-bcfc-c934597f29ec,true
b9060cc0-bac1-4675-b20b-b59a12cb9e65,d5b38434-75c1-46b6-bcfc-c934597f29ec,true
ba0ab603-d4fa-4351-860e-b076ca6516a8,d5b38434-75c1-46b6-bcfc-c934597f29ec,true
ba0df439-eafb-464a-8398-1577fef1f02e,d5b38434-75c1-46b6-bcfc-c934597f29ec,true
ba138c55-cab6-4cfd-9c40-6188ca075884,a0a55973-9f1c-41e7-9801-63264b9e2828,true
ba3c5386-e400-45f3-bb00-c9bfe8bca0ef,7f954bf9-4d27-40a3-9f83-a4abeaa1edba,true
bb5e5b73-ebc5-435a-80fc-0c63dbab5cde,d64946b5-b838-491b-998d-6256313861d6,true
bbe68497-c5af-4313-82d3-f3e213105c6e,d5b38434-75c1-46b6-bcfc-c934597f29ec,true
bc442f9f-1eb0-4a66-b942-2321314c8845,7f954bf9-4d27-40a3-9f83-a4abeaa1edba,true
bc83c708-fe34-45c1-9d8d-25ed775f7bdf,d5b38434-75c1-46b6-bcfc-c934597f29ec,true
be9bb50b-fdf9-46f4-a46d-0d04078edcfa,d5b38434-75c1-46b6-bcfc-c934597f29ec,true
c0659a33-0812-4bda-bd17-2be575b00cc3,7f954bf9-4d27-40a3-9f83-a4abeaa1edba,true
c1309961-36bb-458f-a2af-4d2298030320,d5b38434-75c1-46b6-bcfc-c934597f29ec,true
c287b4b7-61b7-4d68-9c07-464f1efdabdf,d5b38434-75c1-46b6-bcfc-c934597f29ec,true
c2c9dc02-a0b4-4d12-bcbe-b3425dca2182,d5b38434-75c1-46b6-bcfc-c934597f29ec,true
c3aa4ea0-6b85-4202-ba80-dfa3a682d63b,d5b38434-75c1-46b6-bcfc-c934597f29ec,true
c3b2001f-373e-4d07-9722-e85cb3175706,75e2ae60-280c-4145-8766-6f32bc4b7d8d,true
c40ca9b9-4e41-40c9-974e-7415d022ee42,d64946b5-b838-491b-998d-6256313861d6,true
c490396b-fc2f-41df-b3f2-dc798f9449d7,d5b38434-75c1-46b6-bcfc-c934597f29ec,true
c529d6cc-c6f4-4ea7-802a-9063641b048f,d5b38434-75c1-46b6-bcfc-c934597f29ec,true
c701f163-5ff4-46f5-8a51-3ff82ee7c0c0,d5b38434-75c1-46b6-bcfc-c934597f29ec,true
c9a46cce-cd93-46e2-8af5-26c05ebcaf03,d5b38434-75c1-46b6-bcfc-c934597f29ec,true
ca1fb969-4abc-46ba-8c74-4eded97641aa,d5b38434-75c1-46b6-bcfc-c934597f29ec,true
cae21f27-d5b4-42b7-bb42-f1dbb86e740a,d5b38434-75c1-46b6-bcfc-c934597f29ec,true
cb6544fe-f869-4c00-a1e7-37a6f036fba1,62894ceb-1958-4f50-aed7-d824d2a19b08,true
cb654684-c61c-4349-afa9-cb811fffdf1f,d64946b5-b838-491b-998d-6256313861d6,true
cbaa7e77-00c4-4d08-8f97-552727ab9cab,d5b38434-75c1-46b6-bcfc-c934597f29ec,true
ccc6716d-9248-47ac-9004-8d7e8b540bb2,d5b38434-75c1-46b6-bcfc-c934597f29ec,true
cdaaa859-4bd6-4ba6-8c60-3aab4d31fe19,d5b38434-75c1-46b6-bcfc-c934597f29ec,true
ce5722f4-06d8-4e16-9181-38b8eec7c1fd,d5b38434-75c1-46b6-bcfc-c934597f29ec,true
cf3f2381-9533-4325-86f1-153bf0af7b95,d5b38434-75c1-46b6-bcfc-c934597f29ec,true
cf734d5c-adb8-4e73-9131-70487ab1390b,62894ceb-1958-4f50-aed7-d824d2a19b08,true
d0043869-3ab9-41ba-9454-34c1f2024d34,d5b38434-75c1-46b6-bcfc-c934597f29ec,true
d046d3a9-6302-4ab7-94c3-738ff337b1bf,d64946b5-b838-491b-998d-6256313861d6,true
d1550ace-3001-48e4-8b58-f6e408be73bf,62894ceb-1958-4f50-aed7-d824d2a19b08,true
d42dda5d-bda3-4b71-a325-876b28e66067,7204e754-cfcd-4902-996d-064881800543,true
d4ea4b3a-3947-4d1a-846d-308d3bee5405,d5b38434-75c1-46b6-bcfc-c934597f29ec,true
d64bb7cc-0ba5-4622-a84d-2147b71f8a74,d5b38434-75c1-46b6-bcfc-c934597f29ec,true
d79d8d75-34ba-4d9f-86ef-2728ca5ada65,d5b38434-75c1-46b6-bcfc-c934597f29ec,true
d79f31fd-cea0-45dd-9da7-9666d32c2422,d5b38434-75c1-46b6-bcfc-c934597f29ec,true
d7b0b13b-63cf-46d1-bb67-77a41bdbeb99,d5b38434-75c1-46b6-bcfc-c934597f29ec,true
d904d0a2-4e1b-417e-a658-751b1d2e760e,d5b38434-75c1-46b6-bcfc-c934597f29ec,true
daca3c33-ab90-4227-bf42-c716369eea0c,d5b38434-75c1-46b6-bcfc-c934597f29ec,true
db490430-57a3-4f99-83d8-d4bb30a5ac78,d5b38434-75c1-46b6-bcfc-c934597f29ec,true
deefc07e-cb24-4123-877f-57a260406145,d5b38434-75c1-46b6-bcfc-c934597f29ec,true
dff41fe6-c95d-4562-943c-a4ec451bccef,d5b38434-75c1-46b6-bcfc-c934597f29ec,true
e175573a-0342-4564-abcb-97215e363f57,75e2ae60-280c-4145-8766-6f32bc4b7d8d,true
e1a61549-2a68-4a28-aa00-f8cbc8d57b37,d5b38434-75c1-46b6-bcfc-c934597f29ec,true
e246b154-e3b9-491e-a516-4c8dc37223f4,d5b38434-75c1-46b6-bcfc-c934597f29ec,true
e53f9d3b-5fe4-45e3-a351-8b87f04b6ddc,d5b38434-75c1-46b6-bcfc-c934597f29ec,true
e5a267dc-ffa2-4399-a927-03968f9bd74b,75e2ae60-280c-4145-8766-6f32bc4b7d8d,true
e6697657-040b-4725-8e05-a3dc38705e89,d5b38434-75c1-46b6-bcfc-c934597f29ec,true
e834dc81-a9f1-4975-b8b2-a3d95f2ed6ee,d5b38434-75c1-46b6-bcfc-c934597f29ec,true
ea8e871f-65ac-4355-8a6b-5c551f6f7332,62894ceb-1958-4f50-aed7-d824d2a19b08,true
eff872b7-0a23-4214-86ac-c0e0d446ae6e,d5b38434-75c1-46b6-bcfc-c934597f29ec,true
f2a06969-e893-427c-9673-b275d34d1b6f,d5b38434-75c1-46b6-bcfc-c934597f29ec,true
f720f77b-8af2-46d6-bcb9-6ab524192945,d5b38434-75c1-46b6-bcfc-c934597f29ec,true
f7bd60a0-01c4-4df2-ae62-447979075e15,d64946b5-b838-491b-998d-6256313861d6,true
f86cc687-5f6e-4c17-b065-9d42383b55b1,d5b38434-75c1-46b6-bcfc-c934597f29ec,true
f870c49e-3808-42a0-81e3-01fdde56092e,a0a55973-9f1c-41e7-9801-63264b9e2828,true
f882671e-08b1-49ee-b38c-d27c6b959475,d5b38434-75c1-46b6-bcfc-c934597f29ec,true
f92d4cd8-4fca-4ec7-b967-4c5abd7647a3,d5b38434-75c1-46b6-bcfc-c934597f29ec,true
fae5104d-d3ee-46c6-b6aa-51c3534d6f42,d5b38434-75c1-46b6-bcfc-c934597f29ec,true
fb2e0575-c486-463b-95b0-c1bcd5c3d877,d5b38434-75c1-46b6-bcfc-c934597f29ec,true
fba9f441-0a1a-418a-8496-adf34d341281,d5b38434-75c1-46b6-bcfc-c934597f29ec,true
fbb39c4a-f2f5-49af-875a-aed3a84d7d9f,62894ceb-1958-4f50-aed7-d824d2a19b08,true
fea983b2-4169-4699-9680-e79713c0357e,d5b38434-75c1-46b6-bcfc-c934597f29ec,true
fed7410e-11ee-409b-b066-3b5992fe5c71,62894ceb-1958-4f50-aed7-d824d2a19b08,true
ff09fdae-02d9-4836-8f95-193aafea71c5,d5b38434-75c1-46b6-bcfc-c934597f29ec,true
ff94aa20-3a04-4e24-b19f-cfffc50ecaba,d5b38434-75c1-46b6-bcfc-c934597f29ec,true
